"No.","Time","Source","Destination","Protocol","Length","Info"
"1","0.000000000","ce:38:a9:59:15:87","Broadcast","ARP","42","Who has 10.0.0.47? Tell 10.0.0.14"
"2","1.020278874","ce:38:a9:59:15:87","Broadcast","ARP","42","Who has 10.0.0.47? Tell 10.0.0.14"
"3","2.043877218","ce:38:a9:59:15:87","Broadcast","ARP","42","Who has 10.0.0.47? Tell 10.0.0.14"
"4","3.071767603","ce:38:a9:59:15:87","Broadcast","ARP","42","Who has 10.0.0.48? Tell 10.0.0.14"
"5","4.092061577","ce:38:a9:59:15:87","Broadcast","ARP","42","Who has 10.0.0.48? Tell 10.0.0.14"
"6","5.115949411","ce:38:a9:59:15:87","Broadcast","ARP","42","Who has 10.0.0.48? Tell 10.0.0.14"
"7","6.144795376","ce:38:a9:59:15:87","Broadcast","ARP","42","Who has 10.0.0.49? Tell 10.0.0.14"
"8","7.163900120","ce:38:a9:59:15:87","Broadcast","ARP","42","Who has 10.0.0.49? Tell 10.0.0.14"
"9","8.188052628","ce:38:a9:59:15:87","Broadcast","ARP","42","Who has 10.0.0.49? Tell 10.0.0.14"
"10","9.215678794","ce:38:a9:59:15:87","Broadcast","ARP","42","Who has 10.0.0.50? Tell 10.0.0.14"
"11","10.236087610","ce:38:a9:59:15:87","Broadcast","ARP","42","Who has 10.0.0.50? Tell 10.0.0.14"
"12","11.260110590","ce:38:a9:59:15:87","Broadcast","ARP","42","Who has 10.0.0.50? Tell 10.0.0.14"
"13","12.287769609","ce:38:a9:59:15:87","Broadcast","ARP","42","Who has 10.0.0.51? Tell 10.0.0.14"
"14","13.308024965","ce:38:a9:59:15:87","Broadcast","ARP","42","Who has 10.0.0.51? Tell 10.0.0.14"
"15","14.332090127","ce:38:a9:59:15:87","Broadcast","ARP","42","Who has 10.0.0.51? Tell 10.0.0.14"
"16","15.359540257","ce:38:a9:59:15:87","Broadcast","ARP","42","Who has 10.0.0.52? Tell 10.0.0.14"
"17","16.379970730","ce:38:a9:59:15:87","Broadcast","ARP","42","Who has 10.0.0.52? Tell 10.0.0.14"
"18","17.404029639","ce:38:a9:59:15:87","Broadcast","ARP","42","Who has 10.0.0.52? Tell 10.0.0.14"
"19","18.431684820","ce:38:a9:59:15:87","Broadcast","ARP","42","Who has 10.0.0.53? Tell 10.0.0.14"
"20","19.452099592","ce:38:a9:59:15:87","Broadcast","ARP","42","Who has 10.0.0.53? Tell 10.0.0.14"
"21","20.475870478","ce:38:a9:59:15:87","Broadcast","ARP","42","Who has 10.0.0.53? Tell 10.0.0.14"
"22","21.503742781","ce:38:a9:59:15:87","Broadcast","ARP","42","Who has 10.0.0.54? Tell 10.0.0.14"
"23","22.524103289","ce:38:a9:59:15:87","Broadcast","ARP","42","Who has 10.0.0.54? Tell 10.0.0.14"
"24","23.548093059","ce:38:a9:59:15:87","Broadcast","ARP","42","Who has 10.0.0.54? Tell 10.0.0.14"
"25","24.575652765","ce:38:a9:59:15:87","Broadcast","ARP","42","Who has 10.0.0.55? Tell 10.0.0.14"
"26","25.595846759","ce:38:a9:59:15:87","Broadcast","ARP","42","Who has 10.0.0.55? Tell 10.0.0.14"
"27","26.619922687","ce:38:a9:59:15:87","Broadcast","ARP","42","Who has 10.0.0.55? Tell 10.0.0.14"
"28","27.647366654","ce:38:a9:59:15:87","Broadcast","ARP","42","Who has 10.0.0.56? Tell 10.0.0.14"
"29","28.668095075","ce:38:a9:59:15:87","Broadcast","ARP","42","Who has 10.0.0.56? Tell 10.0.0.14"
"30","29.692099750","ce:38:a9:59:15:87","Broadcast","ARP","42","Who has 10.0.0.56? Tell 10.0.0.14"
"31","30.719359493","ce:38:a9:59:15:87","Broadcast","ARP","42","Who has 10.0.0.57? Tell 10.0.0.14"
"32","31.740052027","ce:38:a9:59:15:87","Broadcast","ARP","42","Who has 10.0.0.57? Tell 10.0.0.14"
"33","32.763896825","ce:38:a9:59:15:87","Broadcast","ARP","42","Who has 10.0.0.57? Tell 10.0.0.14"
"34","33.791406793","ce:38:a9:59:15:87","Broadcast","ARP","42","Who has 10.0.0.58? Tell 10.0.0.14"
"35","34.812109545","ce:38:a9:59:15:87","Broadcast","ARP","42","Who has 10.0.0.58? Tell 10.0.0.14"
"36","35.836048740","ce:38:a9:59:15:87","Broadcast","ARP","42","Who has 10.0.0.58? Tell 10.0.0.14"
"37","36.863293961","ce:38:a9:59:15:87","Broadcast","ARP","42","Who has 10.0.0.59? Tell 10.0.0.14"
"38","37.884063113","ce:38:a9:59:15:87","Broadcast","ARP","42","Who has 10.0.0.59? Tell 10.0.0.14"
"39","38.907878263","ce:38:a9:59:15:87","Broadcast","ARP","42","Who has 10.0.0.59? Tell 10.0.0.14"
"40","39.939422846","ce:38:a9:59:15:87","Broadcast","ARP","42","Who has 10.0.0.60? Tell 10.0.0.14"
"41","40.956033430","ce:38:a9:59:15:87","Broadcast","ARP","42","Who has 10.0.0.60? Tell 10.0.0.14"
"42","41.980097714","ce:38:a9:59:15:87","Broadcast","ARP","42","Who has 10.0.0.60? Tell 10.0.0.14"
"43","43.007368046","ce:38:a9:59:15:87","Broadcast","ARP","42","Who has 10.0.0.61? Tell 10.0.0.14"
"44","44.028092199","ce:38:a9:59:15:87","Broadcast","ARP","42","Who has 10.0.0.61? Tell 10.0.0.14"
"45","45.052094265","ce:38:a9:59:15:87","Broadcast","ARP","42","Who has 10.0.0.61? Tell 10.0.0.14"
"46","46.079390661","ce:38:a9:59:15:87","Broadcast","ARP","42","Who has 10.0.0.62? Tell 10.0.0.14"
"47","47.100088154","ce:38:a9:59:15:87","Broadcast","ARP","42","Who has 10.0.0.62? Tell 10.0.0.14"
"48","48.124090115","ce:38:a9:59:15:87","Broadcast","ARP","42","Who has 10.0.0.62? Tell 10.0.0.14"
"49","49.151412160","ce:38:a9:59:15:87","Broadcast","ARP","42","Who has 10.0.0.63? Tell 10.0.0.14"
"50","50.172093883","ce:38:a9:59:15:87","Broadcast","ARP","42","Who has 10.0.0.63? Tell 10.0.0.14"
"51","51.196102959","ce:38:a9:59:15:87","Broadcast","ARP","42","Who has 10.0.0.63? Tell 10.0.0.14"
"52","52.223613434","ce:38:a9:59:15:87","Broadcast","ARP","42","Who has 10.0.0.64? Tell 10.0.0.14"
"53","52.225955665","06:2d:36:6d:ce:17","ce:38:a9:59:15:87","ARP","42","10.0.0.64 is at 06:2d:36:6d:ce:17"
"54","52.225966285","10.0.0.14","10.0.0.64","ICMP","98","Echo (ping) request  id=0x4848, seq=1/256, ttl=64 (reply in 55)"
"55","52.230974241","10.0.0.64","10.0.0.14","ICMP","98","Echo (ping) reply    id=0x4848, seq=1/256, ttl=64 (request in 54)"
"56","52.234442393","ce:38:a9:59:15:87","Broadcast","ARP","42","Who has 10.0.0.65? Tell 10.0.0.14"
"57","53.244068650","ce:38:a9:59:15:87","Broadcast","ARP","42","Who has 10.0.0.65? Tell 10.0.0.14"
"58","54.268058184","ce:38:a9:59:15:87","Broadcast","ARP","42","Who has 10.0.0.65? Tell 10.0.0.14"
"59","55.295504503","ce:38:a9:59:15:87","Broadcast","ARP","42","Who has 10.0.0.66? Tell 10.0.0.14"
"60","56.316124670","ce:38:a9:59:15:87","Broadcast","ARP","42","Who has 10.0.0.66? Tell 10.0.0.14"
"61","57.340077739","ce:38:a9:59:15:87","Broadcast","ARP","42","Who has 10.0.0.66? Tell 10.0.0.14"
"62","57.405209344","06:2d:36:6d:ce:17","ce:38:a9:59:15:87","ARP","42","Who has 10.0.0.14? Tell 10.0.0.64"
"63","57.405223646","ce:38:a9:59:15:87","06:2d:36:6d:ce:17","ARP","42","10.0.0.14 is at ce:38:a9:59:15:87"
"64","58.367270138","ce:38:a9:59:15:87","Broadcast","ARP","42","Who has 10.0.0.67? Tell 10.0.0.14"
"65","59.388063069","ce:38:a9:59:15:87","Broadcast","ARP","42","Who has 10.0.0.67? Tell 10.0.0.14"
"66","60.412098937","ce:38:a9:59:15:87","Broadcast","ARP","42","Who has 10.0.0.67? Tell 10.0.0.14"
"67","61.439571924","ce:38:a9:59:15:87","Broadcast","ARP","42","Who has 10.0.0.68? Tell 10.0.0.14"
"68","62.460085054","ce:38:a9:59:15:87","Broadcast","ARP","42","Who has 10.0.0.68? Tell 10.0.0.14"
"69","63.484099059","ce:38:a9:59:15:87","Broadcast","ARP","42","Who has 10.0.0.68? Tell 10.0.0.14"
"70","64.511987847","ce:38:a9:59:15:87","Broadcast","ARP","42","Who has 10.0.0.69? Tell 10.0.0.14"
"71","65.532111066","ce:38:a9:59:15:87","Broadcast","ARP","42","Who has 10.0.0.69? Tell 10.0.0.14"
"72","66.556034745","ce:38:a9:59:15:87","Broadcast","ARP","42","Who has 10.0.0.69? Tell 10.0.0.14"
"73","67.583415141","ce:38:a9:59:15:87","Broadcast","ARP","42","Who has 10.0.0.70? Tell 10.0.0.14"
"74","68.604050402","ce:38:a9:59:15:87","Broadcast","ARP","42","Who has 10.0.0.70? Tell 10.0.0.14"
"75","69.628050194","ce:38:a9:59:15:87","Broadcast","ARP","42","Who has 10.0.0.70? Tell 10.0.0.14"
"76","70.656514265","ce:38:a9:59:15:87","Broadcast","ARP","42","Who has 10.0.0.71? Tell 10.0.0.14"
"77","71.676073741","ce:38:a9:59:15:87","Broadcast","ARP","42","Who has 10.0.0.71? Tell 10.0.0.14"
"78","72.699908767","ce:38:a9:59:15:87","Broadcast","ARP","42","Who has 10.0.0.71? Tell 10.0.0.14"
"79","73.727700496","ce:38:a9:59:15:87","Broadcast","ARP","42","Who has 10.0.0.72? Tell 10.0.0.14"
"80","74.748094117","ce:38:a9:59:15:87","Broadcast","ARP","42","Who has 10.0.0.72? Tell 10.0.0.14"
"81","75.771808735","ce:38:a9:59:15:87","Broadcast","ARP","42","Who has 10.0.0.72? Tell 10.0.0.14"
"82","76.799438815","ce:38:a9:59:15:87","Broadcast","ARP","42","Who has 10.0.0.73? Tell 10.0.0.14"
"83","77.820112535","ce:38:a9:59:15:87","Broadcast","ARP","42","Who has 10.0.0.73? Tell 10.0.0.14"
"84","78.844099433","ce:38:a9:59:15:87","Broadcast","ARP","42","Who has 10.0.0.73? Tell 10.0.0.14"
"85","79.872540539","ce:38:a9:59:15:87","Broadcast","ARP","42","Who has 10.0.0.74? Tell 10.0.0.14"
"86","80.892089745","ce:38:a9:59:15:87","Broadcast","ARP","42","Who has 10.0.0.74? Tell 10.0.0.14"
"87","81.916096371","ce:38:a9:59:15:87","Broadcast","ARP","42","Who has 10.0.0.74? Tell 10.0.0.14"
"88","82.943957516","ce:38:a9:59:15:87","Broadcast","ARP","42","Who has 10.0.0.75? Tell 10.0.0.14"
"89","83.964060967","ce:38:a9:59:15:87","Broadcast","ARP","42","Who has 10.0.0.75? Tell 10.0.0.14"
"90","84.987871099","ce:38:a9:59:15:87","Broadcast","ARP","42","Who has 10.0.0.75? Tell 10.0.0.14"
"91","86.015885917","ce:38:a9:59:15:87","Broadcast","ARP","42","Who has 10.0.0.76? Tell 10.0.0.14"
"92","87.036252188","ce:38:a9:59:15:87","Broadcast","ARP","42","Who has 10.0.0.76? Tell 10.0.0.14"
"93","88.060075752","ce:38:a9:59:15:87","Broadcast","ARP","42","Who has 10.0.0.76? Tell 10.0.0.14"
"94","89.087458254","ce:38:a9:59:15:87","Broadcast","ARP","42","Who has 10.0.0.77? Tell 10.0.0.14"
"95","90.108092090","ce:38:a9:59:15:87","Broadcast","ARP","42","Who has 10.0.0.77? Tell 10.0.0.14"
"96","91.132112463","ce:38:a9:59:15:87","Broadcast","ARP","42","Who has 10.0.0.77? Tell 10.0.0.14"
"97","92.159191590","ce:38:a9:59:15:87","Broadcast","ARP","42","Who has 10.0.0.78? Tell 10.0.0.14"
"98","93.180090758","ce:38:a9:59:15:87","Broadcast","ARP","42","Who has 10.0.0.78? Tell 10.0.0.14"
"99","94.204094658","ce:38:a9:59:15:87","Broadcast","ARP","42","Who has 10.0.0.78? Tell 10.0.0.14"
"100","95.231307472","ce:38:a9:59:15:87","Broadcast","ARP","42","Who has 10.0.0.79? Tell 10.0.0.14"
"101","96.252235654","ce:38:a9:59:15:87","Broadcast","ARP","42","Who has 10.0.0.79? Tell 10.0.0.14"
"102","97.276096491","ce:38:a9:59:15:87","Broadcast","ARP","42","Who has 10.0.0.79? Tell 10.0.0.14"
"103","98.303106104","ce:38:a9:59:15:87","Broadcast","ARP","42","Who has 10.0.0.80? Tell 10.0.0.14"
"104","99.324112740","ce:38:a9:59:15:87","Broadcast","ARP","42","Who has 10.0.0.80? Tell 10.0.0.14"
"105","100.348111361","ce:38:a9:59:15:87","Broadcast","ARP","42","Who has 10.0.0.80? Tell 10.0.0.14"
"106","101.375365916","ce:38:a9:59:15:87","Broadcast","ARP","42","Who has 10.0.0.81? Tell 10.0.0.14"
"107","102.396089177","ce:38:a9:59:15:87","Broadcast","ARP","42","Who has 10.0.0.81? Tell 10.0.0.14"
"108","103.420072762","ce:38:a9:59:15:87","Broadcast","ARP","42","Who has 10.0.0.81? Tell 10.0.0.14"
"109","104.447348557","ce:38:a9:59:15:87","Broadcast","ARP","42","Who has 10.0.0.82? Tell 10.0.0.14"
"110","105.468068345","ce:38:a9:59:15:87","Broadcast","ARP","42","Who has 10.0.0.82? Tell 10.0.0.14"
"111","106.491819224","ce:38:a9:59:15:87","Broadcast","ARP","42","Who has 10.0.0.82? Tell 10.0.0.14"
"112","107.519598752","ce:38:a9:59:15:87","Broadcast","ARP","42","Who has 10.0.0.83? Tell 10.0.0.14"
"113","108.540111873","ce:38:a9:59:15:87","Broadcast","ARP","42","Who has 10.0.0.83? Tell 10.0.0.14"
"114","109.564106195","ce:38:a9:59:15:87","Broadcast","ARP","42","Who has 10.0.0.83? Tell 10.0.0.14"
"115","110.591386344","ce:38:a9:59:15:87","Broadcast","ARP","42","Who has 10.0.0.84? Tell 10.0.0.14"
"116","111.612097117","ce:38:a9:59:15:87","Broadcast","ARP","42","Who has 10.0.0.84? Tell 10.0.0.14"
"117","112.636091409","ce:38:a9:59:15:87","Broadcast","ARP","42","Who has 10.0.0.84? Tell 10.0.0.14"
"118","113.663427797","ce:38:a9:59:15:87","Broadcast","ARP","42","Who has 10.0.0.85? Tell 10.0.0.14"
"119","114.684011693","ce:38:a9:59:15:87","Broadcast","ARP","42","Who has 10.0.0.85? Tell 10.0.0.14"
"120","115.708110065","ce:38:a9:59:15:87","Broadcast","ARP","42","Who has 10.0.0.85? Tell 10.0.0.14"
"121","116.735357656","ce:38:a9:59:15:87","Broadcast","ARP","42","Who has 10.0.0.86? Tell 10.0.0.14"
"122","117.756032319","ce:38:a9:59:15:87","Broadcast","ARP","42","Who has 10.0.0.86? Tell 10.0.0.14"
"123","118.779865027","ce:38:a9:59:15:87","Broadcast","ARP","42","Who has 10.0.0.86? Tell 10.0.0.14"
"124","119.807427949","ce:38:a9:59:15:87","Broadcast","ARP","42","Who has 10.0.0.87? Tell 10.0.0.14"
"125","120.828099306","ce:38:a9:59:15:87","Broadcast","ARP","42","Who has 10.0.0.87? Tell 10.0.0.14"
"126","121.852093762","ce:38:a9:59:15:87","Broadcast","ARP","42","Who has 10.0.0.87? Tell 10.0.0.14"
"127","122.879605878","ce:38:a9:59:15:87","Broadcast","ARP","42","Who has 10.0.0.88? Tell 10.0.0.14"
"128","123.900093448","ce:38:a9:59:15:87","Broadcast","ARP","42","Who has 10.0.0.88? Tell 10.0.0.14"
"129","124.924103508","ce:38:a9:59:15:87","Broadcast","ARP","42","Who has 10.0.0.88? Tell 10.0.0.14"
"130","125.951401600","ce:38:a9:59:15:87","Broadcast","ARP","42","Who has 10.0.0.89? Tell 10.0.0.14"
"131","126.972089801","ce:38:a9:59:15:87","Broadcast","ARP","42","Who has 10.0.0.89? Tell 10.0.0.14"
"132","127.996082730","ce:38:a9:59:15:87","Broadcast","ARP","42","Who has 10.0.0.89? Tell 10.0.0.14"
"133","129.023680724","ce:38:a9:59:15:87","Broadcast","ARP","42","Who has 10.0.0.90? Tell 10.0.0.14"
"134","130.044051153","ce:38:a9:59:15:87","Broadcast","ARP","42","Who has 10.0.0.90? Tell 10.0.0.14"
"135","131.068159091","ce:38:a9:59:15:87","Broadcast","ARP","42","Who has 10.0.0.90? Tell 10.0.0.14"
"136","132.095689421","ce:38:a9:59:15:87","Broadcast","ARP","42","Who has 10.0.0.91? Tell 10.0.0.14"
"137","133.116031726","ce:38:a9:59:15:87","Broadcast","ARP","42","Who has 10.0.0.91? Tell 10.0.0.14"
"138","134.140098778","ce:38:a9:59:15:87","Broadcast","ARP","42","Who has 10.0.0.91? Tell 10.0.0.14"
"139","135.167743922","ce:38:a9:59:15:87","Broadcast","ARP","42","Who has 10.0.0.92? Tell 10.0.0.14"
"140","136.187863670","ce:38:a9:59:15:87","Broadcast","ARP","42","Who has 10.0.0.92? Tell 10.0.0.14"
"141","137.212099405","ce:38:a9:59:15:87","Broadcast","ARP","42","Who has 10.0.0.92? Tell 10.0.0.14"
"142","138.239563123","ce:38:a9:59:15:87","Broadcast","ARP","42","Who has 10.0.0.93? Tell 10.0.0.14"
"143","139.260064948","ce:38:a9:59:15:87","Broadcast","ARP","42","Who has 10.0.0.93? Tell 10.0.0.14"
"144","140.284143786","ce:38:a9:59:15:87","Broadcast","ARP","42","Who has 10.0.0.93? Tell 10.0.0.14"
"145","141.311861327","ce:38:a9:59:15:87","Broadcast","ARP","42","Who has 10.0.0.94? Tell 10.0.0.14"
"146","142.332073520","ce:38:a9:59:15:87","Broadcast","ARP","42","Who has 10.0.0.94? Tell 10.0.0.14"
"147","143.356125358","ce:38:a9:59:15:87","Broadcast","ARP","42","Who has 10.0.0.94? Tell 10.0.0.14"
"148","144.383615048","ce:38:a9:59:15:87","Broadcast","ARP","42","Who has 10.0.0.95? Tell 10.0.0.14"
"149","145.404095550","ce:38:a9:59:15:87","Broadcast","ARP","42","Who has 10.0.0.95? Tell 10.0.0.14"
"150","146.427801566","ce:38:a9:59:15:87","Broadcast","ARP","42","Who has 10.0.0.95? Tell 10.0.0.14"
"151","147.456496788","ce:38:a9:59:15:87","Broadcast","ARP","42","Who has 10.0.0.96? Tell 10.0.0.14"
"152","148.476071644","ce:38:a9:59:15:87","Broadcast","ARP","42","Who has 10.0.0.96? Tell 10.0.0.14"
"153","149.500097252","ce:38:a9:59:15:87","Broadcast","ARP","42","Who has 10.0.0.96? Tell 10.0.0.14"
"154","150.528014623","ce:38:a9:59:15:87","Broadcast","ARP","42","Who has 10.0.0.97? Tell 10.0.0.14"
"155","151.547889638","ce:38:a9:59:15:87","Broadcast","ARP","42","Who has 10.0.0.97? Tell 10.0.0.14"
"156","152.571980917","ce:38:a9:59:15:87","Broadcast","ARP","42","Who has 10.0.0.97? Tell 10.0.0.14"
"157","153.599385939","ce:38:a9:59:15:87","Broadcast","ARP","42","Who has 10.0.0.98? Tell 10.0.0.14"
"158","154.620108104","ce:38:a9:59:15:87","Broadcast","ARP","42","Who has 10.0.0.98? Tell 10.0.0.14"
"159","155.644259883","ce:38:a9:59:15:87","Broadcast","ARP","42","Who has 10.0.0.98? Tell 10.0.0.14"
"160","156.671581146","ce:38:a9:59:15:87","Broadcast","ARP","42","Who has 10.0.0.99? Tell 10.0.0.14"
"161","157.692098873","ce:38:a9:59:15:87","Broadcast","ARP","42","Who has 10.0.0.99? Tell 10.0.0.14"
"162","158.716063714","ce:38:a9:59:15:87","Broadcast","ARP","42","Who has 10.0.0.99? Tell 10.0.0.14"
"163","159.743605906","ce:38:a9:59:15:87","Broadcast","ARP","42","Who has 10.0.0.100? Tell 10.0.0.14"
"164","160.764091656","ce:38:a9:59:15:87","Broadcast","ARP","42","Who has 10.0.0.100? Tell 10.0.0.14"
"165","161.788084872","ce:38:a9:59:15:87","Broadcast","ARP","42","Who has 10.0.0.100? Tell 10.0.0.14"
